,# run,cmsls,totprescval,hltpath/prescval
0,378981,1,150.0,HLT_Photon30EB_TightID_TightIso_v8/6
1,378981,4,150.0,HLT_Photon30EB_TightID_TightIso_v8/6
2,378985,1,150.0,HLT_Photon30EB_TightID_TightIso_v8/6
3,378993,1,150.0,HLT_Photon30EB_TightID_TightIso_v8/6
4,378993,4,150.0,HLT_Photon30EB_TightID_TightIso_v8/6
5,378994,1,150.0,HLT_Photon30EB_TightID_TightIso_v8/6
6,378995,1,150.0,HLT_Photon30EB_TightID_TightIso_v8/6
7,378996,1,150.0,HLT_Photon30EB_TightID_TightIso_v8/6
8,378997,1,150.0,HLT_Photon30EB_TightID_TightIso_v8/6
9,378998,1,150.0,HLT_Photon30EB_TightID_TightIso_v8/6
10,378999,1,150.0,HLT_Photon30EB_TightID_TightIso_v8/6
11,379000,1,150.0,HLT_Photon30EB_TightID_TightIso_v8/6
12,379001,1,150.0,HLT_Photon30EB_TightID_TightIso_v8/6
13,379002,1,150.0,HLT_Photon30EB_TightID_TightIso_v8/6
14,379003,1,150.0,HLT_Photon30EB_TightID_TightIso_v8/6
15,379004,1,150.0,HLT_Photon30EB_TightID_TightIso_v8/6
16,379005,1,150.0,HLT_Photon30EB_TightID_TightIso_v8/6
17,379006,1,150.0,HLT_Photon30EB_TightID_TightIso_v8/6
18,379007,1,150.0,HLT_Photon30EB_TightID_TightIso_v8/6
19,379008,1,150.0,HLT_Photon30EB_TightID_TightIso_v8/6
20,379009,1,150.0,HLT_Photon30EB_TightID_TightIso_v8/6
21,379010,1,150.0,HLT_Photon30EB_TightID_TightIso_v8/6
22,379011,1,150.0,HLT_Photon30EB_TightID_TightIso_v8/6
23,379012,1,150.0,HLT_Photon30EB_TightID_TightIso_v8/6
24,379028,1,150.0,HLT_Photon30EB_TightID_TightIso_v8/6
25,379029,1,150.0,HLT_Photon30EB_TightID_TightIso_v8/6
26,379030,1,25.0,HLT_Photon30EB_TightID_TightIso_v8/1
27,379030,3,25.0,HLT_Photon30EB_TightID_TightIso_v8/1
28,379031,1,150.0,HLT_Photon30EB_TightID_TightIso_v8/6
29,379058,1,150.0,HLT_Photon30EB_TightID_TightIso_v8/6
30,379075,1,150.0,HLT_Photon30EB_TightID_TightIso_v8/6
31,379075,5,150.0,HLT_Photon30EB_TightID_TightIso_v8/6
32,379154,1,150.0,HLT_Photon30EB_TightID_TightIso_v8/6
33,379154,15,150.0,HLT_Photon30EB_TightID_TightIso_v8/6
34,379238,1,150.0,HLT_Photon30EB_TightID_TightIso_v8/6
35,379243,1,150.0,HLT_Photon30EB_TightID_TightIso_v8/6
36,379252,1,150.0,HLT_Photon30EB_TightID_TightIso_v8/6
37,379253,1,150.0,HLT_Photon30EB_TightID_TightIso_v8/6
38,379315,1,0.0,HLT_Photon30EB_TightID_TightIso_v8/6
39,379316,1,0.0,HLT_Photon30EB_TightID_TightIso_v8/6
40,379317,1,0.0,HLT_Photon30EB_TightID_TightIso_v8/6
41,379318,1,0.0,HLT_Photon30EB_TightID_TightIso_v8/6
42,379337,1,150.0,HLT_Photon30EB_TightID_TightIso_v8/6
43,379337,20,0.0,HLT_Photon30EB_TightID_TightIso_v8/6
44,379338,1,150.0,HLT_Photon30EB_TightID_TightIso_v8/6
45,379349,1,150.0,HLT_Photon30EB_TightID_TightIso_v8/6
46,379349,4,150.0,HLT_Photon30EB_TightID_TightIso_v8/6
47,379350,1,150.0,HLT_Photon30EB_TightID_TightIso_v8/6
48,379355,1,150.0,HLT_Photon30EB_TightID_TightIso_v8/6
49,379415,1,150.0,HLT_Photon30EB_TightID_TightIso_v8/6
50,379416,1,150.0,HLT_Photon30EB_TightID_TightIso_v8/6
51,379416,6,150.0,HLT_Photon30EB_TightID_TightIso_v8/6
52,379416,154,150.0,HLT_Photon30EB_TightID_TightIso_v8/6
53,379420,1,150.0,HLT_Photon30EB_TightID_TightIso_v8/6
54,379420,2,150.0,HLT_Photon30EB_TightID_TightIso_v8/6
55,379425,1,150.0,HLT_Photon30EB_TightID_TightIso_v8/6
56,379433,1,150.0,HLT_Photon30EB_TightID_TightIso_v8/6
57,379433,5,150.0,HLT_Photon30EB_TightID_TightIso_v8/6
58,379442,1,150.0,HLT_Photon30EB_TightID_TightIso_v8/6
59,379442,9,150.0,HLT_Photon30EB_TightID_TightIso_v8/6
60,379454,1,150.0,HLT_Photon30EB_TightID_TightIso_v8/6
61,379454,2,150.0,HLT_Photon30EB_TightID_TightIso_v8/6
62,379456,1,150.0,HLT_Photon30EB_TightID_TightIso_v8/6
63,379470,1,150.0,HLT_Photon30EB_TightID_TightIso_v8/6
64,379470,8,150.0,HLT_Photon30EB_TightID_TightIso_v8/6
65,379530,1,150.0,HLT_Photon30EB_TightID_TightIso_v8/6
66,379530,451,150.0,HLT_Photon30EB_TightID_TightIso_v8/6
67,379530,483,150.0,HLT_Photon30EB_TightID_TightIso_v8/6
68,379530,610,150.0,HLT_Photon30EB_TightID_TightIso_v8/6
69,379530,622,150.0,HLT_Photon30EB_TightID_TightIso_v8/6
70,379613,1,150.0,HLT_Photon30EB_TightID_TightIso_v9/6
71,379614,1,150.0,HLT_Photon30EB_TightID_TightIso_v9/6
72,379615,1,150.0,HLT_Photon30EB_TightID_TightIso_v9/6
73,379616,1,150.0,HLT_Photon30EB_TightID_TightIso_v9/6
74,379617,1,150.0,HLT_Photon30EB_TightID_TightIso_v9/6
75,379618,1,150.0,HLT_Photon30EB_TightID_TightIso_v8/6
76,379660,1,150.0,HLT_Photon30EB_TightID_TightIso_v8/6
77,379660,10,150.0,HLT_Photon30EB_TightID_TightIso_v8/6
78,379660,639,150.0,HLT_Photon30EB_TightID_TightIso_v8/6
79,379661,1,150.0,HLT_Photon30EB_TightID_TightIso_v8/6
80,379729,1,150.0,HLT_Photon30EB_TightID_TightIso_v8/6
81,379729,689,150.0,HLT_Photon30EB_TightID_TightIso_v8/6
82,379765,1,150.0,HLT_Photon30EB_TightID_TightIso_v8/6
83,379765,829,150.0,HLT_Photon30EB_TightID_TightIso_v8/6
84,379766,1,25.0,HLT_Photon30EB_TightID_TightIso_v8/1
85,379774,1,150.0,HLT_Photon30EB_TightID_TightIso_v8/6
86,379866,1,150.0,HLT_Photon30EB_TightID_TightIso_v8/6
87,379866,156,150.0,HLT_Photon30EB_TightID_TightIso_v8/6
88,379866,187,150.0,HLT_Photon30EB_TightID_TightIso_v8/6
89,379984,1,150.0,HLT_Photon30EB_TightID_TightIso_v8/6
90,379984,20,150.0,HLT_Photon30EB_TightID_TightIso_v8/6
91,379984,135,150.0,HLT_Photon30EB_TightID_TightIso_v8/6
92,379984,456,150.0,HLT_Photon30EB_TightID_TightIso_v8/6
93,380001,1,150.0,HLT_Photon30EB_TightID_TightIso_v8/6
94,380001,4,150.0,HLT_Photon30EB_TightID_TightIso_v8/6
95,380005,1,150.0,HLT_Photon30EB_TightID_TightIso_v8/6
96,380005,4,150.0,HLT_Photon30EB_TightID_TightIso_v8/6
97,380006,1,150.0,HLT_Photon30EB_TightID_TightIso_v8/6
98,380007,1,150.0,HLT_Photon30EB_TightID_TightIso_v8/6
99,380029,1,150.0,HLT_Photon30EB_TightID_TightIso_v8/6
100,380030,1,150.0,HLT_Photon30EB_TightID_TightIso_v8/6
101,380030,17,150.0,HLT_Photon30EB_TightID_TightIso_v8/6
102,380030,99,150.0,HLT_Photon30EB_TightID_TightIso_v8/6
103,380030,127,150.0,HLT_Photon30EB_TightID_TightIso_v8/6
104,380032,1,150.0,HLT_Photon30EB_TightID_TightIso_v8/6
105,380033,1,150.0,HLT_Photon30EB_TightID_TightIso_v8/6
106,380043,1,150.0,HLT_Photon30EB_TightID_TightIso_v8/6
107,380043,3,150.0,HLT_Photon30EB_TightID_TightIso_v8/6
108,380049,1,150.0,HLT_Photon30EB_TightID_TightIso_v8/6
109,380049,7,150.0,HLT_Photon30EB_TightID_TightIso_v8/6
110,380050,1,150.0,HLT_Photon30EB_TightID_TightIso_v8/6
111,380051,1,150.0,HLT_Photon30EB_TightID_TightIso_v8/6
112,380052,1,150.0,HLT_Photon30EB_TightID_TightIso_v8/6
113,380053,1,150.0,HLT_Photon30EB_TightID_TightIso_v8/6
114,380056,1,150.0,HLT_Photon30EB_TightID_TightIso_v8/6
115,380066,1,150.0,HLT_Photon30EB_TightID_TightIso_v8/6
116,380074,1,150.0,HLT_Photon30EB_TightID_TightIso_v8/6
117,380074,9,150.0,HLT_Photon30EB_TightID_TightIso_v8/6
118,380115,1,150.0,HLT_Photon30EB_TightID_TightIso_v8/6
119,380115,337,150.0,HLT_Photon30EB_TightID_TightIso_v8/6
120,380115,378,150.0,HLT_Photon30EB_TightID_TightIso_v8/6
121,380115,578,150.0,HLT_Photon30EB_TightID_TightIso_v8/6
122,380195,1,150.0,HLT_Photon30EB_TightID_TightIso_v8/6
123,380196,1,150.0,HLT_Photon30EB_TightID_TightIso_v8/6
124,380197,1,150.0,HLT_Photon30EB_TightID_TightIso_v8/6
125,380235,1,150.0,HLT_Photon30EB_TightID_TightIso_v8/6
126,380235,3,150.0,HLT_Photon30EB_TightID_TightIso_v8/6
127,380236,1,150.0,HLT_Photon30EB_TightID_TightIso_v8/6
128,380237,1,150.0,HLT_Photon30EB_TightID_TightIso_v8/6
129,380238,1,150.0,HLT_Photon30EB_TightID_TightIso_v8/6
130,380306,1,150.0,HLT_Photon30EB_TightID_TightIso_v9/6
131,380306,3,150.0,HLT_Photon30EB_TightID_TightIso_v9/6
132,380307,1,150.0,HLT_Photon30EB_TightID_TightIso_v9/6
133,380308,1,150.0,HLT_Photon30EB_TightID_TightIso_v9/6
134,380309,1,150.0,HLT_Photon30EB_TightID_TightIso_v9/6
135,380309,7,150.0,HLT_Photon30EB_TightID_TightIso_v9/6
136,380310,1,150.0,HLT_Photon30EB_TightID_TightIso_v9/6
137,380346,1,150.0,HLT_Photon30EB_TightID_TightIso_v9/6
138,380346,155,150.0,HLT_Photon30EB_TightID_TightIso_v9/6
139,380346,175,150.0,HLT_Photon30EB_TightID_TightIso_v9/6
140,380346,187,150.0,HLT_Photon30EB_TightID_TightIso_v9/6
141,380348,1,150.0,HLT_Photon30EB_TightID_TightIso_v9/6
142,380348,6,150.0,HLT_Photon30EB_TightID_TightIso_v9/6
143,380349,1,150.0,HLT_Photon30EB_TightID_TightIso_v9/6
144,380360,1,150.0,HLT_Photon30EB_TightID_TightIso_v9/6
145,380377,1,150.0,HLT_Photon30EB_TightID_TightIso_v9/6
146,380377,3,150.0,HLT_Photon30EB_TightID_TightIso_v9/6
147,380377,110,150.0,HLT_Photon30EB_TightID_TightIso_v9/6
148,380384,1,150.0,HLT_Photon30EB_TightID_TightIso_v9/6
149,380384,146,150.0,HLT_Photon30EB_TightID_TightIso_v9/6
150,380384,680,150.0,HLT_Photon30EB_TightID_TightIso_v9/6
151,380385,1,150.0,HLT_Photon30EB_TightID_TightIso_v9/6
152,380399,1,150.0,HLT_Photon30EB_TightID_TightIso_v9/6
153,380399,3,150.0,HLT_Photon30EB_TightID_TightIso_v9/6
154,380400,1,150.0,HLT_Photon30EB_TightID_TightIso_v9/6
155,380401,1,150.0,HLT_Photon30EB_TightID_TightIso_v9/6
156,380403,1,150.0,HLT_Photon30EB_TightID_TightIso_v9/6
157,380403,3,150.0,HLT_Photon30EB_TightID_TightIso_v9/6
158,380444,1,150.0,HLT_Photon30EB_TightID_TightIso_v9/6
159,380444,6,150.0,HLT_Photon30EB_TightID_TightIso_v9/6
160,380446,1,150.0,HLT_Photon30EB_TightID_TightIso_v9/6
161,380447,1,150.0,HLT_Photon30EB_TightID_TightIso_v9/6
162,380466,1,150.0,HLT_Photon30EB_TightID_TightIso_v9/6
163,380466,3,150.0,HLT_Photon30EB_TightID_TightIso_v9/6
164,380470,1,150.0,HLT_Photon30EB_TightID_TightIso_v9/6
165,380470,15,150.0,HLT_Photon30EB_TightID_TightIso_v9/6
166,380481,1,150.0,HLT_Photon30EB_TightID_TightIso_v9/6
167,380513,1,150.0,HLT_Photon30EB_TightID_TightIso_v9/6
168,380513,5,150.0,HLT_Photon30EB_TightID_TightIso_v9/6
169,380515,1,25.0,HLT_Photon30EB_TightID_TightIso_v9/1
170,380516,1,150.0,HLT_Photon30EB_TightID_TightIso_v9/6
171,380517,1,150.0,HLT_Photon30EB_TightID_TightIso_v9/6
172,380531,1,150.0,HLT_Photon30EB_TightID_TightIso_v9/6
173,380532,1,150.0,HLT_Photon30EB_TightID_TightIso_v9/6
174,380533,1,150.0,HLT_Photon30EB_TightID_TightIso_v9/6
175,380534,1,150.0,HLT_Photon30EB_TightID_TightIso_v9/6
176,380535,1,150.0,HLT_Photon30EB_TightID_TightIso_v9/6
177,380537,1,150.0,HLT_Photon30EB_TightID_TightIso_v9/6
178,380538,1,150.0,HLT_Photon30EB_TightID_TightIso_v9/6
179,380564,1,150.0,HLT_Photon30EB_TightID_TightIso_v9/6
180,380564,2,150.0,HLT_Photon30EB_TightID_TightIso_v9/6
181,380565,1,150.0,HLT_Photon30EB_TightID_TightIso_v9/6
182,380567,1,150.0,HLT_Photon30EB_TightID_TightIso_v9/6
183,380623,1,150.0,HLT_Photon30EB_TightID_TightIso_v9/6
184,380623,4,150.0,HLT_Photon30EB_TightID_TightIso_v9/6
185,380624,1,150.0,HLT_Photon30EB_TightID_TightIso_v9/6
186,380625,1,150.0,HLT_Photon30EB_TightID_TightIso_v9/6
187,380626,1,150.0,HLT_Photon30EB_TightID_TightIso_v9/6
188,380627,1,150.0,HLT_Photon30EB_TightID_TightIso_v9/6
189,380647,1,150.0,HLT_Photon30EB_TightID_TightIso_v9/6
190,380647,4,150.0,HLT_Photon30EB_TightID_TightIso_v9/6
191,380647,142,150.0,HLT_Photon30EB_TightID_TightIso_v9/6
192,380647,318,150.0,HLT_Photon30EB_TightID_TightIso_v9/6
193,380647,356,150.0,HLT_Photon30EB_TightID_TightIso_v9/6
194,380648,1,150.0,HLT_Photon30EB_TightID_TightIso_v9/6
195,380648,4,150.0,HLT_Photon30EB_TightID_TightIso_v9/6
196,380649,1,150.0,HLT_Photon30EB_TightID_TightIso_v9/6
197,380883,1,150.0,HLT_Photon30EB_TightID_TightIso_v9/6
198,380933,1,150.0,HLT_Photon30EB_TightID_TightIso_v9/6
199,380933,51,150.0,HLT_Photon30EB_TightID_TightIso_v9/6
200,380945,1,150.0,HLT_Photon30EB_TightID_TightIso_v9/6
201,380945,8,150.0,HLT_Photon30EB_TightID_TightIso_v9/6
202,380947,1,150.0,HLT_Photon30EB_TightID_TightIso_v9/6
203,380947,5,150.0,HLT_Photon30EB_TightID_TightIso_v9/6
204,380963,1,150.0,HLT_Photon30EB_TightID_TightIso_v9/6
205,380963,912,150.0,HLT_Photon30EB_TightID_TightIso_v9/6
206,381022,1,150.0,HLT_Photon30EB_TightID_TightIso_v9/6
207,381022,4,150.0,HLT_Photon30EB_TightID_TightIso_v9/6
208,381053,1,150.0,HLT_Photon30EB_TightID_TightIso_v9/6
209,381065,1,150.0,HLT_Photon30EB_TightID_TightIso_v9/6
210,381065,138,150.0,HLT_Photon30EB_TightID_TightIso_v9/6
211,381065,758,150.0,HLT_Photon30EB_TightID_TightIso_v9/6
212,381067,1,150.0,HLT_Photon30EB_TightID_TightIso_v9/6
213,381067,4,150.0,HLT_Photon30EB_TightID_TightIso_v9/6
214,381067,171,150.0,HLT_Photon30EB_TightID_TightIso_v9/6
215,381068,1,150.0,HLT_Photon30EB_TightID_TightIso_v9/6
216,381069,1,150.0,HLT_Photon30EB_TightID_TightIso_v9/6
217,381069,5,150.0,HLT_Photon30EB_TightID_TightIso_v9/6
218,381070,1,150.0,HLT_Photon30EB_TightID_TightIso_v9/6
219,381075,1,150.0,HLT_Photon30EB_TightID_TightIso_v9/6
220,381078,1,150.0,HLT_Photon30EB_TightID_TightIso_v9/6
221,381078,163,150.0,HLT_Photon30EB_TightID_TightIso_v9/6
222,381079,1,150.0,HLT_Photon30EB_TightID_TightIso_v9/6
223,381079,5,150.0,HLT_Photon30EB_TightID_TightIso_v9/6
224,381079,79,150.0,HLT_Photon30EB_TightID_TightIso_v9/6
225,381080,1,150.0,HLT_Photon30EB_TightID_TightIso_v9/6
226,381113,1,150.0,HLT_Photon30EB_TightID_TightIso_v9/6
227,381114,1,150.0,HLT_Photon30EB_TightID_TightIso_v9/6
228,381115,1,150.0,HLT_Photon30EB_TightID_TightIso_v9/6
229,381115,4,150.0,HLT_Photon30EB_TightID_TightIso_v9/6
230,381115,173,150.0,HLT_Photon30EB_TightID_TightIso_v9/6
231,381115,386,150.0,HLT_Photon30EB_TightID_TightIso_v9/6
232,381147,1,150.0,HLT_Photon30EB_TightID_TightIso_v9/6
233,381147,106,150.0,HLT_Photon30EB_TightID_TightIso_v9/6
234,381148,1,150.0,HLT_Photon30EB_TightID_TightIso_v9/6
235,381149,1,150.0,HLT_Photon30EB_TightID_TightIso_v9/6
236,381150,1,150.0,HLT_Photon30EB_TightID_TightIso_v9/6
237,381150,3,150.0,HLT_Photon30EB_TightID_TightIso_v9/6
238,381150,29,150.0,HLT_Photon30EB_TightID_TightIso_v9/6
239,381151,1,150.0,HLT_Photon30EB_TightID_TightIso_v9/6
240,381151,54,150.0,HLT_Photon30EB_TightID_TightIso_v9/6
241,381151,237,150.0,HLT_Photon30EB_TightID_TightIso_v9/6
242,381151,457,150.0,HLT_Photon30EB_TightID_TightIso_v9/6
243,381152,1,150.0,HLT_Photon30EB_TightID_TightIso_v9/6
244,381164,1,150.0,HLT_Photon30EB_TightID_TightIso_v9/6
245,381164,992,150.0,HLT_Photon30EB_TightID_TightIso_v9/6
246,381164,1200,150.0,HLT_Photon30EB_TightID_TightIso_v9/6
247,381190,1,150.0,HLT_Photon30EB_TightID_TightIso_v9/6
248,381190,138,150.0,HLT_Photon30EB_TightID_TightIso_v9/6
249,381190,476,150.0,HLT_Photon30EB_TightID_TightIso_v9/6
250,381190,877,150.0,HLT_Photon30EB_TightID_TightIso_v9/6
251,381190,1060,150.0,HLT_Photon30EB_TightID_TightIso_v9/6
252,381191,1,150.0,HLT_Photon30EB_TightID_TightIso_v9/6
253,381191,9,150.0,HLT_Photon30EB_TightID_TightIso_v9/6
254,381191,197,150.0,HLT_Photon30EB_TightID_TightIso_v9/6
255,381199,1,150.0,HLT_Photon30EB_TightID_TightIso_v9/6
256,381212,1,150.0,HLT_Photon30EB_TightID_TightIso_v9/6
257,381286,1,150.0,HLT_Photon30EB_TightID_TightIso_v9/6
258,381309,1,150.0,HLT_Photon30EB_TightID_TightIso_v9/6
259,381358,1,150.0,HLT_Photon30EB_TightID_TightIso_v9/6
260,381364,1,150.0,HLT_Photon30EB_TightID_TightIso_v9/6
261,381365,1,150.0,HLT_Photon30EB_TightID_TightIso_v9/6
262,381365,473,150.0,HLT_Photon30EB_TightID_TightIso_v9/6
263,381371,1,150.0,HLT_Photon30EB_TightID_TightIso_v9/6
264,381379,1,150.0,HLT_Photon30EB_TightID_TightIso_v9/6
265,381379,795,150.0,HLT_Photon30EB_TightID_TightIso_v9/6
266,381380,1,150.0,HLT_Photon30EB_TightID_TightIso_v9/6
267,381380,28,150.0,HLT_Photon30EB_TightID_TightIso_v9/6
268,381380,177,150.0,HLT_Photon30EB_TightID_TightIso_v9/6
269,381384,1,150.0,HLT_Photon30EB_TightID_TightIso_v9/6
270,381384,860,150.0,HLT_Photon30EB_TightID_TightIso_v9/6
271,381384,982,150.0,HLT_Photon30EB_TightID_TightIso_v9/6
272,381384,1062,150.0,HLT_Photon30EB_TightID_TightIso_v9/6
273,381417,1,150.0,HLT_Photon30EB_TightID_TightIso_v9/6
274,381417,946,150.0,HLT_Photon30EB_TightID_TightIso_v9/6
275,381417,1067,150.0,HLT_Photon30EB_TightID_TightIso_v9/6
276,381417,1138,150.0,HLT_Photon30EB_TightID_TightIso_v9/6
277,381443,1,150.0,HLT_Photon30EB_TightID_TightIso_v9/6
278,381443,777,150.0,HLT_Photon30EB_TightID_TightIso_v9/6
279,381443,879,150.0,HLT_Photon30EB_TightID_TightIso_v9/6
280,381443,977,150.0,HLT_Photon30EB_TightID_TightIso_v9/6
281,381477,1,150.0,HLT_Photon30EB_TightID_TightIso_v9/6
282,381478,1,150.0,HLT_Photon30EB_TightID_TightIso_v9/6
283,381479,1,150.0,HLT_Photon30EB_TightID_TightIso_v9/6
284,381480,1,150.0,HLT_Photon30EB_TightID_TightIso_v9/6
285,381480,26,150.0,HLT_Photon30EB_TightID_TightIso_v9/6
286,381480,138,150.0,HLT_Photon30EB_TightID_TightIso_v9/6
287,381480,217,150.0,HLT_Photon30EB_TightID_TightIso_v9/6
288,381484,1,150.0,HLT_Photon30EB_TightID_TightIso_v9/6
289,381484,876,150.0,HLT_Photon30EB_TightID_TightIso_v9/6
290,381484,922,150.0,HLT_Photon30EB_TightID_TightIso_v9/6
291,381484,1032,150.0,HLT_Photon30EB_TightID_TightIso_v9/6
292,381484,1161,150.0,HLT_Photon30EB_TightID_TightIso_v9/6
293,381484,1232,150.0,HLT_Photon30EB_TightID_TightIso_v9/6
294,381499,1,150.0,HLT_Photon30EB_TightID_TightIso_v9/6
295,381500,1,150.0,HLT_Photon30EB_TightID_TightIso_v9/6
296,381515,1,150.0,HLT_Photon30EB_TightID_TightIso_v9/6
297,381516,1,150.0,HLT_Photon30EB_TightID_TightIso_v9/6
298,381516,505,150.0,HLT_Photon30EB_TightID_TightIso_v9/6
299,381516,517,150.0,HLT_Photon30EB_TightID_TightIso_v9/6
300,381516,566,150.0,HLT_Photon30EB_TightID_TightIso_v9/6
301,381543,1,150.0,HLT_Photon30EB_TightID_TightIso_v9/6
302,381544,1,150.0,HLT_Photon30EB_TightID_TightIso_v9/6
303,381544,299,150.0,HLT_Photon30EB_TightID_TightIso_v9/6
304,381544,412,150.0,HLT_Photon30EB_TightID_TightIso_v9/6
305,381544,510,150.0,HLT_Photon30EB_TightID_TightIso_v9/6
306,381594,1,150.0,HLT_Photon30EB_TightID_TightIso_v9/6
307,382209,1,180.0,HLT_Photon30EB_TightID_TightIso_v10/180
308,382209,10,180.0,HLT_Photon30EB_TightID_TightIso_v10/180
309,382213,1,180.0,HLT_Photon30EB_TightID_TightIso_v10/180
310,382213,4,180.0,HLT_Photon30EB_TightID_TightIso_v10/180
311,382213,276,180.0,HLT_Photon30EB_TightID_TightIso_v10/180
312,382213,318,180.0,HLT_Photon30EB_TightID_TightIso_v10/180
313,382229,1,180.0,HLT_Photon30EB_TightID_TightIso_v10/180
314,382229,5,180.0,HLT_Photon30EB_TightID_TightIso_v10/180
315,382229,18,180.0,HLT_Photon30EB_TightID_TightIso_v10/180
316,382229,26,180.0,HLT_Photon30EB_TightID_TightIso_v10/180
317,382250,1,180.0,HLT_Photon30EB_TightID_TightIso_v10/180
318,382250,31,180.0,HLT_Photon30EB_TightID_TightIso_v10/180
319,382250,139,180.0,HLT_Photon30EB_TightID_TightIso_v10/180
320,382250,142,180.0,HLT_Photon30EB_TightID_TightIso_v10/180
321,382250,159,180.0,HLT_Photon30EB_TightID_TightIso_v10/180
322,382250,623,180.0,HLT_Photon30EB_TightID_TightIso_v10/180
323,382250,628,180.0,HLT_Photon30EB_TightID_TightIso_v10/180
324,382250,631,180.0,HLT_Photon30EB_TightID_TightIso_v10/180
325,382250,635,180.0,HLT_Photon30EB_TightID_TightIso_v10/180
326,382250,640,180.0,HLT_Photon30EB_TightID_TightIso_v10/180
327,382250,643,180.0,HLT_Photon30EB_TightID_TightIso_v10/180
328,382250,646,180.0,HLT_Photon30EB_TightID_TightIso_v10/180
329,382250,649,180.0,HLT_Photon30EB_TightID_TightIso_v10/180
330,382250,652,180.0,HLT_Photon30EB_TightID_TightIso_v10/180
331,382250,658,180.0,HLT_Photon30EB_TightID_TightIso_v10/180
332,382250,671,180.0,HLT_Photon30EB_TightID_TightIso_v10/180
333,382255,1,180.0,HLT_Photon30EB_TightID_TightIso_v10/180
334,382256,1,180.0,HLT_Photon30EB_TightID_TightIso_v10/180
335,382257,1,180.0,HLT_Photon30EB_TightID_TightIso_v10/180
336,382258,1,180.0,HLT_Photon30EB_TightID_TightIso_v10/180
337,382258,769,180.0,HLT_Photon30EB_TightID_TightIso_v10/180
338,382258,856,180.0,HLT_Photon30EB_TightID_TightIso_v10/180
339,382258,1034,180.0,HLT_Photon30EB_TightID_TightIso_v10/180
340,382259,1,180.0,HLT_Photon30EB_TightID_TightIso_v10/180
341,382260,1,180.0,HLT_Photon30EB_TightID_TightIso_v10/180
342,382261,1,180.0,HLT_Photon30EB_TightID_TightIso_v10/180
343,382262,1,180.0,HLT_Photon30EB_TightID_TightIso_v10/180
344,382298,1,180.0,HLT_Photon30EB_TightID_TightIso_v10/180
345,382299,1,180.0,HLT_Photon30EB_TightID_TightIso_v10/180
346,382300,1,180.0,HLT_Photon30EB_TightID_TightIso_v10/180
347,382300,16,180.0,HLT_Photon30EB_TightID_TightIso_v10/180
348,382300,50,180.0,HLT_Photon30EB_TightID_TightIso_v10/180
349,382300,129,180.0,HLT_Photon30EB_TightID_TightIso_v10/180
350,382300,274,180.0,HLT_Photon30EB_TightID_TightIso_v10/180
351,382300,366,180.0,HLT_Photon30EB_TightID_TightIso_v10/180
352,382300,480,180.0,HLT_Photon30EB_TightID_TightIso_v10/180
353,382300,511,180.0,HLT_Photon30EB_TightID_TightIso_v10/180
354,382300,680,180.0,HLT_Photon30EB_TightID_TightIso_v10/180
355,382300,686,180.0,HLT_Photon30EB_TightID_TightIso_v10/180
356,382300,825,180.0,HLT_Photon30EB_TightID_TightIso_v10/180
357,382313,1,180.0,HLT_Photon30EB_TightID_TightIso_v10/180
358,382314,1,180.0,HLT_Photon30EB_TightID_TightIso_v10/180
359,382328,1,180.0,HLT_Photon30EB_TightID_TightIso_v10/180
360,382329,1,180.0,HLT_Photon30EB_TightID_TightIso_v10/180
361,382343,1,180.0,HLT_Photon30EB_TightID_TightIso_v10/180
362,382343,1768,180.0,HLT_Photon30EB_TightID_TightIso_v10/180
363,382343,1965,180.0,HLT_Photon30EB_TightID_TightIso_v10/180
364,382343,2132,180.0,HLT_Photon30EB_TightID_TightIso_v10/180
365,382344,1,180.0,HLT_Photon30EB_TightID_TightIso_v10/180
366,382344,97,180.0,HLT_Photon30EB_TightID_TightIso_v10/180
367,382344,130,180.0,HLT_Photon30EB_TightID_TightIso_v10/180
368,382504,1,180.0,HLT_Photon30EB_TightID_TightIso_v10/180
369,382568,1,180.0,HLT_Photon30EB_TightID_TightIso_v10/180
370,382580,1,180.0,HLT_Photon30EB_TightID_TightIso_v10/180
371,382580,1011,180.0,HLT_Photon30EB_TightID_TightIso_v10/180
372,382580,1118,180.0,HLT_Photon30EB_TightID_TightIso_v10/180
373,382580,1564,180.0,HLT_Photon30EB_TightID_TightIso_v10/180
374,382594,1,180.0,HLT_Photon30EB_TightID_TightIso_v10/180
375,382594,1130,180.0,HLT_Photon30EB_TightID_TightIso_v10/180
376,382594,1265,180.0,HLT_Photon30EB_TightID_TightIso_v10/180
377,382595,1,180.0,HLT_Photon30EB_TightID_TightIso_v10/180
378,382595,381,180.0,HLT_Photon30EB_TightID_TightIso_v10/180
379,382595,696,180.0,HLT_Photon30EB_TightID_TightIso_v10/180
380,382617,1,180.0,HLT_Photon30EB_TightID_TightIso_v10/180
381,382617,105,180.0,HLT_Photon30EB_TightID_TightIso_v10/180
382,382617,169,180.0,HLT_Photon30EB_TightID_TightIso_v10/180
383,382617,194,180.0,HLT_Photon30EB_TightID_TightIso_v10/180
384,382617,209,180.0,HLT_Photon30EB_TightID_TightIso_v10/180
385,382626,1,180.0,HLT_Photon30EB_TightID_TightIso_v10/180
386,382649,1,180.0,HLT_Photon30EB_TightID_TightIso_v10/180
387,382649,43,180.0,HLT_Photon30EB_TightID_TightIso_v10/180
388,382649,52,180.0,HLT_Photon30EB_TightID_TightIso_v10/180
389,382649,68,180.0,HLT_Photon30EB_TightID_TightIso_v10/180
390,382649,88,180.0,HLT_Photon30EB_TightID_TightIso_v10/180
391,382650,1,180.0,HLT_Photon30EB_TightID_TightIso_v10/180
392,382654,1,180.0,HLT_Photon30EB_TightID_TightIso_v10/180
393,382654,1189,180.0,HLT_Photon30EB_TightID_TightIso_v10/180
394,382654,1392,180.0,HLT_Photon30EB_TightID_TightIso_v10/180
395,382654,1445,180.0,HLT_Photon30EB_TightID_TightIso_v10/180
396,382655,1,180.0,HLT_Photon30EB_TightID_TightIso_v10/180
397,382655,66,180.0,HLT_Photon30EB_TightID_TightIso_v10/180
398,382656,1,180.0,HLT_Photon30EB_TightID_TightIso_v10/180
399,382656,101,180.0,HLT_Photon30EB_TightID_TightIso_v10/180
400,382679,1,180.0,HLT_Photon30EB_TightID_TightIso_v10/180
401,382684,1,180.0,HLT_Photon30EB_TightID_TightIso_v10/180
402,382684,1112,180.0,HLT_Photon30EB_TightID_TightIso_v10/180
403,382685,1,180.0,HLT_Photon30EB_TightID_TightIso_v10/180
404,382685,22,180.0,HLT_Photon30EB_TightID_TightIso_v10/180
405,382685,112,180.0,HLT_Photon30EB_TightID_TightIso_v10/180
406,382685,370,180.0,HLT_Photon30EB_TightID_TightIso_v10/180
407,382686,1,180.0,HLT_Photon30EB_TightID_TightIso_v10/180
408,382725,1,180.0,HLT_Photon30EB_TightID_TightIso_v10/180
409,382729,1,180.0,HLT_Photon30EB_TightID_TightIso_v10/180
410,382730,1,180.0,HLT_Photon30EB_TightID_TightIso_v10/180
411,382749,1,180.0,HLT_Photon30EB_TightID_TightIso_v10/180
412,382750,1,180.0,HLT_Photon30EB_TightID_TightIso_v10/180
413,382751,1,180.0,HLT_Photon30EB_TightID_TightIso_v10/180
414,382752,1,180.0,HLT_Photon30EB_TightID_TightIso_v10/180
415,382752,696,180.0,HLT_Photon30EB_TightID_TightIso_v10/180
416,382752,706,180.0,HLT_Photon30EB_TightID_TightIso_v10/180
417,382769,1,180.0,HLT_Photon30EB_TightID_TightIso_v10/180
418,382769,984,180.0,HLT_Photon30EB_TightID_TightIso_v10/180
419,382769,1094,180.0,HLT_Photon30EB_TightID_TightIso_v10/180
420,382769,1159,180.0,HLT_Photon30EB_TightID_TightIso_v10/180
421,382769,1426,180.0,HLT_Photon30EB_TightID_TightIso_v10/180
422,382770,1,180.0,HLT_Photon30EB_TightID_TightIso_v10/180
423,382770,352,180.0,HLT_Photon30EB_TightID_TightIso_v10/180
424,382791,1,180.0,HLT_Photon30EB_TightID_TightIso_v10/180
425,382791,35,180.0,HLT_Photon30EB_TightID_TightIso_v10/180
426,382791,134,180.0,HLT_Photon30EB_TightID_TightIso_v10/180
427,382792,1,180.0,HLT_Photon30EB_TightID_TightIso_v10/180
428,382794,1,180.0,HLT_Photon30EB_TightID_TightIso_v10/180
429,382795,1,180.0,HLT_Photon30EB_TightID_TightIso_v10/180
430,382799,1,180.0,HLT_Photon30EB_TightID_TightIso_v10/180
431,382810,1,180.0,HLT_Photon30EB_TightID_TightIso_v10/180
432,382811,1,180.0,HLT_Photon30EB_TightID_TightIso_v10/180
433,382830,1,180.0,HLT_Photon30EB_TightID_TightIso_v10/180
434,382834,1,180.0,HLT_Photon30EB_TightID_TightIso_v10/180
435,382856,1,180.0,HLT_Photon30EB_TightID_TightIso_v10/180
436,382878,1,180.0,HLT_Photon30EB_TightID_TightIso_v10/180
437,382913,1,180.0,HLT_Photon30EB_TightID_TightIso_v10/180
438,382913,1118,180.0,HLT_Photon30EB_TightID_TightIso_v10/180
439,382913,1185,180.0,HLT_Photon30EB_TightID_TightIso_v10/180
440,382913,1300,180.0,HLT_Photon30EB_TightID_TightIso_v10/180
441,382913,1514,180.0,HLT_Photon30EB_TightID_TightIso_v10/180
442,382913,1940,180.0,HLT_Photon30EB_TightID_TightIso_v10/180
443,382921,1,180.0,HLT_Photon30EB_TightID_TightIso_v10/180
444,382921,1142,180.0,HLT_Photon30EB_TightID_TightIso_v10/180
445,382922,1,180.0,HLT_Photon30EB_TightID_TightIso_v10/180
446,382922,5,180.0,HLT_Photon30EB_TightID_TightIso_v10/180
447,382922,27,180.0,HLT_Photon30EB_TightID_TightIso_v10/180
448,382923,1,180.0,HLT_Photon30EB_TightID_TightIso_v10/180
449,382924,1,180.0,HLT_Photon30EB_TightID_TightIso_v10/180
450,382924,15,180.0,HLT_Photon30EB_TightID_TightIso_v10/180
451,382924,144,180.0,HLT_Photon30EB_TightID_TightIso_v10/180
452,382924,225,180.0,HLT_Photon30EB_TightID_TightIso_v10/180
453,382937,1,180.0,HLT_Photon30EB_TightID_TightIso_v10/180
454,382960,1,180.0,HLT_Photon30EB_TightID_TightIso_v10/180
455,383028,1,180.0,HLT_Photon30EB_TightID_TightIso_v10/180
456,383034,1,180.0,HLT_Photon30EB_TightID_TightIso_v10/180
457,383035,1,180.0,HLT_Photon30EB_TightID_TightIso_v10/180
458,383036,1,180.0,HLT_Photon30EB_TightID_TightIso_v10/180
459,383134,1,180.0,HLT_Photon30EB_TightID_TightIso_v10/180
460,383148,1,180.0,HLT_Photon30EB_TightID_TightIso_v10/180
461,383148,3,180.0,HLT_Photon30EB_TightID_TightIso_v10/180
462,383153,1,180.0,HLT_Photon30EB_TightID_TightIso_v10/180
463,383154,1,180.0,HLT_Photon30EB_TightID_TightIso_v10/180
464,383155,1,180.0,HLT_Photon30EB_TightID_TightIso_v10/180
465,383155,863,180.0,HLT_Photon30EB_TightID_TightIso_v10/180
466,383155,975,180.0,HLT_Photon30EB_TightID_TightIso_v10/180
467,383155,1040,180.0,HLT_Photon30EB_TightID_TightIso_v10/180
468,383155,1349,180.0,HLT_Photon30EB_TightID_TightIso_v10/180
469,383155,1839,180.0,HLT_Photon30EB_TightID_TightIso_v10/180
470,383162,1,180.0,HLT_Photon30EB_TightID_TightIso_v10/180
471,383162,1200,180.0,HLT_Photon30EB_TightID_TightIso_v10/180
472,383162,1329,180.0,HLT_Photon30EB_TightID_TightIso_v10/180
473,383162,1397,180.0,HLT_Photon30EB_TightID_TightIso_v10/180
474,383163,1,180.0,HLT_Photon30EB_TightID_TightIso_v10/180
475,383163,86,180.0,HLT_Photon30EB_TightID_TightIso_v10/180
476,383173,1,180.0,HLT_Photon30EB_TightID_TightIso_v10/180
477,383174,1,180.0,HLT_Photon30EB_TightID_TightIso_v10/180
478,383174,204,180.0,HLT_Photon30EB_TightID_TightIso_v10/180
479,383174,287,180.0,HLT_Photon30EB_TightID_TightIso_v10/180
480,383174,372,180.0,HLT_Photon30EB_TightID_TightIso_v10/180
481,383174,664,180.0,HLT_Photon30EB_TightID_TightIso_v10/180
482,383175,1,180.0,HLT_Photon30EB_TightID_TightIso_v10/180
483,383175,69,180.0,HLT_Photon30EB_TightID_TightIso_v10/180
484,383247,1,180.0,HLT_Photon30EB_TightID_TightIso_v10/180
485,383247,62,180.0,HLT_Photon30EB_TightID_TightIso_v10/180
486,383247,74,180.0,HLT_Photon30EB_TightID_TightIso_v10/180
487,383247,85,180.0,HLT_Photon30EB_TightID_TightIso_v10/180
488,383247,95,180.0,HLT_Photon30EB_TightID_TightIso_v10/180
489,383254,1,180.0,HLT_Photon30EB_TightID_TightIso_v10/180
490,383254,1237,180.0,HLT_Photon30EB_TightID_TightIso_v10/180
491,383255,1,180.0,HLT_Photon30EB_TightID_TightIso_v10/180
492,383255,87,180.0,HLT_Photon30EB_TightID_TightIso_v10/180
493,383255,150,180.0,HLT_Photon30EB_TightID_TightIso_v10/180
494,383255,448,180.0,HLT_Photon30EB_TightID_TightIso_v10/180
495,383255,870,180.0,HLT_Photon30EB_TightID_TightIso_v10/180
496,383275,1,180.0,HLT_Photon30EB_TightID_TightIso_v10/180
497,383276,1,180.0,HLT_Photon30EB_TightID_TightIso_v10/180
498,383277,1,180.0,HLT_Photon30EB_TightID_TightIso_v10/180
499,383323,1,180.0,HLT_Photon30EB_TightID_TightIso_v10/180
500,383323,1161,180.0,HLT_Photon30EB_TightID_TightIso_v10/180
501,383323,1204,180.0,HLT_Photon30EB_TightID_TightIso_v10/180
502,383323,1308,180.0,HLT_Photon30EB_TightID_TightIso_v10/180
503,383326,1,180.0,HLT_Photon30EB_TightID_TightIso_v10/180
504,383326,25,180.0,HLT_Photon30EB_TightID_TightIso_v10/180
505,383326,174,180.0,HLT_Photon30EB_TightID_TightIso_v10/180
506,383326,181,180.0,HLT_Photon30EB_TightID_TightIso_v10/180
507,383326,338,180.0,HLT_Photon30EB_TightID_TightIso_v10/180
508,383326,351,180.0,HLT_Photon30EB_TightID_TightIso_v10/180
509,383326,497,180.0,HLT_Photon30EB_TightID_TightIso_v10/180
510,383327,1,180.0,HLT_Photon30EB_TightID_TightIso_v10/180
511,383327,4,180.0,HLT_Photon30EB_TightID_TightIso_v10/180
512,383328,1,1.0,HLT_Photon30EB_TightID_TightIso_v10/1
513,383331,1,180.0,HLT_Photon30EB_TightID_TightIso_v10/180
514,383331,4,180.0,HLT_Photon30EB_TightID_TightIso_v10/180
515,383332,1,180.0,HLT_Photon30EB_TightID_TightIso_v10/180
516,383363,1,180.0,HLT_Photon30EB_TightID_TightIso_v10/180
517,383363,172,180.0,HLT_Photon30EB_TightID_TightIso_v10/180
518,383363,282,180.0,HLT_Photon30EB_TightID_TightIso_v10/180
519,383364,1,1.0,HLT_Photon30EB_TightID_TightIso_v10/1
520,383365,1,180.0,HLT_Photon30EB_TightID_TightIso_v10/180
521,383366,1,180.0,HLT_Photon30EB_TightID_TightIso_v10/180
522,383367,1,180.0,HLT_Photon30EB_TightID_TightIso_v10/180
523,383367,208,0.0,HLT_Photon30EB_TightID_TightIso_v10/0
524,383368,1,180.0,HLT_Photon30EB_TightID_TightIso_v10/180
525,383368,60,180.0,HLT_Photon30EB_TightID_TightIso_v10/180
526,383368,168,180.0,HLT_Photon30EB_TightID_TightIso_v10/180
527,383368,240,180.0,HLT_Photon30EB_TightID_TightIso_v10/180
528,383368,514,180.0,HLT_Photon30EB_TightID_TightIso_v10/180
529,383368,965,180.0,HLT_Photon30EB_TightID_TightIso_v10/180
530,383377,1,180.0,HLT_Photon30EB_TightID_TightIso_v10/180
531,383417,1,180.0,HLT_Photon30EB_TightID_TightIso_v10/180
532,383418,1,180.0,HLT_Photon30EB_TightID_TightIso_v10/180
533,383418,363,180.0,HLT_Photon30EB_TightID_TightIso_v10/180
534,383418,469,180.0,HLT_Photon30EB_TightID_TightIso_v10/180
535,383418,552,180.0,HLT_Photon30EB_TightID_TightIso_v10/180
536,383418,845,180.0,HLT_Photon30EB_TightID_TightIso_v10/180
537,383447,1,180.0,HLT_Photon30EB_TightID_TightIso_v10/180
538,383448,1,180.0,HLT_Photon30EB_TightID_TightIso_v10/180
539,383449,1,180.0,HLT_Photon30EB_TightID_TightIso_v10/180
540,383449,146,180.0,HLT_Photon30EB_TightID_TightIso_v10/180
541,383449,264,180.0,HLT_Photon30EB_TightID_TightIso_v10/180
542,383449,326,180.0,HLT_Photon30EB_TightID_TightIso_v10/180
543,383449,672,180.0,HLT_Photon30EB_TightID_TightIso_v10/180
544,383449,1103,180.0,HLT_Photon30EB_TightID_TightIso_v10/180
545,383467,1,180.0,HLT_Photon30EB_TightID_TightIso_v10/180
546,383468,1,180.0,HLT_Photon30EB_TightID_TightIso_v10/180
547,383468,884,180.0,HLT_Photon30EB_TightID_TightIso_v10/180
548,383468,1008,180.0,HLT_Photon30EB_TightID_TightIso_v10/180
549,383468,1088,180.0,HLT_Photon30EB_TightID_TightIso_v10/180
550,383468,1404,180.0,HLT_Photon30EB_TightID_TightIso_v10/180
551,383468,1858,180.0,HLT_Photon30EB_TightID_TightIso_v10/180
552,383485,1,180.0,HLT_Photon30EB_TightID_TightIso_v10/180
553,383485,62,180.0,HLT_Photon30EB_TightID_TightIso_v10/180
554,383485,78,180.0,HLT_Photon30EB_TightID_TightIso_v10/180
555,383486,1,180.0,HLT_Photon30EB_TightID_TightIso_v10/180
556,383487,1,180.0,HLT_Photon30EB_TightID_TightIso_v10/180
557,383487,1018,180.0,HLT_Photon30EB_TightID_TightIso_v10/180
558,383487,1124,180.0,HLT_Photon30EB_TightID_TightIso_v10/180
559,383487,1195,180.0,HLT_Photon30EB_TightID_TightIso_v10/180
560,383487,1492,180.0,HLT_Photon30EB_TightID_TightIso_v10/180
561,383487,2002,180.0,HLT_Photon30EB_TightID_TightIso_v10/180
562,383496,1,180.0,HLT_Photon30EB_TightID_TightIso_v10/180
563,383512,1,180.0,HLT_Photon30EB_TightID_TightIso_v10/180
564,383512,1265,180.0,HLT_Photon30EB_TightID_TightIso_v10/180
565,383512,1359,180.0,HLT_Photon30EB_TightID_TightIso_v10/180
566,383512,1436,180.0,HLT_Photon30EB_TightID_TightIso_v10/180
567,383512,1770,180.0,HLT_Photon30EB_TightID_TightIso_v10/180
568,383512,1806,0.0,HLT_Photon30EB_TightID_TightIso_v10/0
569,383512,1822,0.0,HLT_Photon30EB_TightID_TightIso_v10/0
570,383513,1,1.0,HLT_Photon30EB_TightID_TightIso_v10/1
571,383513,2,0.0,HLT_Photon30EB_TightID_TightIso_v10/1
572,383514,1,180.0,HLT_Photon30EB_TightID_TightIso_v10/180
573,383514,137,180.0,HLT_Photon30EB_TightID_TightIso_v10/180
574,383514,148,180.0,HLT_Photon30EB_TightID_TightIso_v10/180
575,383536,1,180.0,HLT_Photon30EB_TightID_TightIso_v10/180
576,383537,1,180.0,HLT_Photon30EB_TightID_TightIso_v10/180
577,383538,1,180.0,HLT_Photon30EB_TightID_TightIso_v10/180
578,383539,1,180.0,HLT_Photon30EB_TightID_TightIso_v10/180
579,383540,1,180.0,HLT_Photon30EB_TightID_TightIso_v10/180
580,383541,1,180.0,HLT_Photon30EB_TightID_TightIso_v10/180
581,383629,1,180.0,HLT_Photon30EB_TightID_TightIso_v10/180
582,383630,1,180.0,HLT_Photon30EB_TightID_TightIso_v10/180
583,383631,1,180.0,HLT_Photon30EB_TightID_TightIso_v10/180
584,383631,373,180.0,HLT_Photon30EB_TightID_TightIso_v10/180
585,383631,495,180.0,HLT_Photon30EB_TightID_TightIso_v10/180
586,383631,704,180.0,HLT_Photon30EB_TightID_TightIso_v10/180
587,383631,825,180.0,HLT_Photon30EB_TightID_TightIso_v10/180
588,383631,912,180.0,HLT_Photon30EB_TightID_TightIso_v10/180
589,383631,1302,180.0,HLT_Photon30EB_TightID_TightIso_v10/180
590,383631,1659,180.0,HLT_Photon30EB_TightID_TightIso_v10/180
591,383647,1,180.0,HLT_Photon30EB_TightID_TightIso_v10/180
592,383648,1,180.0,HLT_Photon30EB_TightID_TightIso_v10/180
593,383649,1,180.0,HLT_Photon30EB_TightID_TightIso_v10/180
594,383650,1,180.0,HLT_Photon30EB_TightID_TightIso_v10/180
595,383661,1,180.0,HLT_Photon30EB_TightID_TightIso_v10/180
596,383661,5,180.0,HLT_Photon30EB_TightID_TightIso_v10/180
597,383662,1,180.0,HLT_Photon30EB_TightID_TightIso_v10/180
598,383669,1,180.0,HLT_Photon30EB_TightID_TightIso_v10/180
599,383687,1,180.0,HLT_Photon30EB_TightID_TightIso_v10/180
600,383692,1,180.0,HLT_Photon30EB_TightID_TightIso_v10/180
601,383693,1,180.0,HLT_Photon30EB_TightID_TightIso_v10/180
602,383694,1,180.0,HLT_Photon30EB_TightID_TightIso_v10/180
603,383695,1,180.0,HLT_Photon30EB_TightID_TightIso_v10/180
604,383695,93,180.0,HLT_Photon30EB_TightID_TightIso_v10/180
605,383695,257,180.0,HLT_Photon30EB_TightID_TightIso_v10/180
606,383695,331,180.0,HLT_Photon30EB_TightID_TightIso_v10/180
607,383695,525,180.0,HLT_Photon30EB_TightID_TightIso_v10/180
608,383712,1,180.0,HLT_Photon30EB_TightID_TightIso_v10/180
609,383712,1207,180.0,HLT_Photon30EB_TightID_TightIso_v10/180
610,383712,1334,180.0,HLT_Photon30EB_TightID_TightIso_v10/180
611,383712,1407,180.0,HLT_Photon30EB_TightID_TightIso_v10/180
612,383724,1,180.0,HLT_Photon30EB_TightID_TightIso_v10/180
613,383740,1,180.0,HLT_Photon30EB_TightID_TightIso_v10/180
614,383741,1,180.0,HLT_Photon30EB_TightID_TightIso_v10/180
615,383741,532,180.0,HLT_Photon30EB_TightID_TightIso_v10/180
616,383742,1,1.0,HLT_Photon30EB_TightID_TightIso_v10/1
617,383743,1,180.0,HLT_Photon30EB_TightID_TightIso_v10/180
618,383743,10,180.0,HLT_Photon30EB_TightID_TightIso_v10/180
619,383756,1,180.0,HLT_Photon30EB_TightID_TightIso_v10/180
620,383756,845,180.0,HLT_Photon30EB_TightID_TightIso_v10/180
621,383756,847,180.0,HLT_Photon30EB_TightID_TightIso_v10/180
622,383756,1159,180.0,HLT_Photon30EB_TightID_TightIso_v10/180
623,383756,1270,180.0,HLT_Photon30EB_TightID_TightIso_v10/180
624,383756,1358,180.0,HLT_Photon30EB_TightID_TightIso_v10/180
625,383756,1404,180.0,HLT_Photon30EB_TightID_TightIso_v10/180
626,383756,1409,0.0,HLT_Photon30EB_TightID_TightIso_v10/0
627,383757,1,0.0,HLT_Photon30EB_TightID_TightIso_v10/0
628,383758,1,0.0,HLT_Photon30EB_TightID_TightIso_v10/0
629,383758,9,180.0,HLT_Photon30EB_TightID_TightIso_v10/180
630,383758,15,180.0,HLT_Photon30EB_TightID_TightIso_v10/180
631,383767,1,180.0,HLT_Photon30EB_TightID_TightIso_v10/180
632,383767,1224,180.0,HLT_Photon30EB_TightID_TightIso_v10/180
633,383767,1369,180.0,HLT_Photon30EB_TightID_TightIso_v10/180
634,383767,1408,180.0,HLT_Photon30EB_TightID_TightIso_v10/180
635,383779,1,180.0,HLT_Photon30EB_TightID_TightIso_v10/180
636,383779,98,180.0,HLT_Photon30EB_TightID_TightIso_v10/180
637,383811,1,180.0,HLT_Photon30EB_TightID_TightIso_v11/180
638,383812,1,180.0,HLT_Photon30EB_TightID_TightIso_v11/180
639,383813,1,180.0,HLT_Photon30EB_TightID_TightIso_v11/180
640,383814,1,180.0,HLT_Photon30EB_TightID_TightIso_v11/180
641,383814,705,180.0,HLT_Photon30EB_TightID_TightIso_v11/180
642,383814,818,180.0,HLT_Photon30EB_TightID_TightIso_v11/180
643,383814,907,180.0,HLT_Photon30EB_TightID_TightIso_v11/180
644,383814,1190,180.0,HLT_Photon30EB_TightID_TightIso_v11/180
645,383830,1,180.0,HLT_Photon30EB_TightID_TightIso_v11/180
646,383831,1,1.0,HLT_Photon30EB_TightID_TightIso_v11/1
647,383832,1,180.0,HLT_Photon30EB_TightID_TightIso_v11/180
648,383833,1,180.0,HLT_Photon30EB_TightID_TightIso_v11/180
649,383834,1,180.0,HLT_Photon30EB_TightID_TightIso_v11/180
650,383854,1,180.0,HLT_Photon30EB_TightID_TightIso_v11/180
651,383855,1,180.0,HLT_Photon30EB_TightID_TightIso_v11/180
652,383855,166,180.0,HLT_Photon30EB_TightID_TightIso_v11/180
653,383855,313,180.0,HLT_Photon30EB_TightID_TightIso_v11/180
654,383855,385,180.0,HLT_Photon30EB_TightID_TightIso_v11/180
655,383855,642,180.0,HLT_Photon30EB_TightID_TightIso_v11/180
656,383855,712,180.0,HLT_Photon30EB_TightID_TightIso_v11/180
657,383900,1,180.0,HLT_Photon30EB_TightID_TightIso_v11/180
658,383907,1,180.0,HLT_Photon30EB_TightID_TightIso_v11/180
659,383908,1,180.0,HLT_Photon30EB_TightID_TightIso_v11/180
660,383948,1,180.0,HLT_Photon30EB_TightID_TightIso_v11/180
661,383949,1,180.0,HLT_Photon30EB_TightID_TightIso_v11/180
662,383949,368,180.0,HLT_Photon30EB_TightID_TightIso_v11/180
663,383949,484,180.0,HLT_Photon30EB_TightID_TightIso_v11/180
664,383949,574,180.0,HLT_Photon30EB_TightID_TightIso_v11/180
665,383949,858,180.0,HLT_Photon30EB_TightID_TightIso_v11/180
666,383996,1,180.0,HLT_Photon30EB_TightID_TightIso_v11/180
667,383996,1286,180.0,HLT_Photon30EB_TightID_TightIso_v11/180
668,383996,1362,180.0,HLT_Photon30EB_TightID_TightIso_v11/180
669,383996,1456,180.0,HLT_Photon30EB_TightID_TightIso_v11/180
670,383996,1612,180.0,HLT_Photon30EB_TightID_TightIso_v11/180
671,383996,1724,180.0,HLT_Photon30EB_TightID_TightIso_v11/180
672,383996,1737,180.0,HLT_Photon30EB_TightID_TightIso_v11/180
673,383996,1744,180.0,HLT_Photon30EB_TightID_TightIso_v11/180
674,383996,1774,180.0,HLT_Photon30EB_TightID_TightIso_v11/180
675,384014,1,180.0,HLT_Photon30EB_TightID_TightIso_v11/180
676,384029,1,180.0,HLT_Photon30EB_TightID_TightIso_v11/180
677,384029,492,0.0,HLT_Photon30EB_TightID_TightIso_v11/0
678,384030,1,1.0,HLT_Photon30EB_TightID_TightIso_v11/1
679,384031,1,180.0,HLT_Photon30EB_TightID_TightIso_v11/180
680,384032,1,180.0,HLT_Photon30EB_TightID_TightIso_v11/180
681,384033,1,180.0,HLT_Photon30EB_TightID_TightIso_v11/180
682,384034,1,180.0,HLT_Photon30EB_TightID_TightIso_v11/180
683,384035,1,180.0,HLT_Photon30EB_TightID_TightIso_v11/180
684,384036,1,180.0,HLT_Photon30EB_TightID_TightIso_v11/180
685,384036,94,180.0,HLT_Photon30EB_TightID_TightIso_v11/180
686,384036,206,180.0,HLT_Photon30EB_TightID_TightIso_v11/180
687,384052,1,180.0,HLT_Photon30EB_TightID_TightIso_v11/180
688,384052,1288,180.0,HLT_Photon30EB_TightID_TightIso_v11/180
689,384052,1384,180.0,HLT_Photon30EB_TightID_TightIso_v11/180
690,384052,1483,180.0,HLT_Photon30EB_TightID_TightIso_v11/180
691,384052,1763,180.0,HLT_Photon30EB_TightID_TightIso_v11/180
692,384069,1,180.0,HLT_Photon30EB_TightID_TightIso_v11/180
693,384070,1,180.0,HLT_Photon30EB_TightID_TightIso_v11/180
694,384070,26,180.0,HLT_Photon30EB_TightID_TightIso_v11/180
695,384070,106,180.0,HLT_Photon30EB_TightID_TightIso_v11/180
696,384070,206,180.0,HLT_Photon30EB_TightID_TightIso_v11/180
697,384070,475,180.0,HLT_Photon30EB_TightID_TightIso_v11/180
698,384071,1,180.0,HLT_Photon30EB_TightID_TightIso_v11/180
699,384071,232,180.0,HLT_Photon30EB_TightID_TightIso_v11/180
700,384124,1,180.0,HLT_Photon30EB_TightID_TightIso_v11/180
701,384126,1,180.0,HLT_Photon30EB_TightID_TightIso_v11/180
702,384127,1,180.0,HLT_Photon30EB_TightID_TightIso_v11/180
703,384128,1,180.0,HLT_Photon30EB_TightID_TightIso_v11/180
704,384128,1131,180.0,HLT_Photon30EB_TightID_TightIso_v11/180
705,384128,1220,180.0,HLT_Photon30EB_TightID_TightIso_v11/180
706,384128,1315,180.0,HLT_Photon30EB_TightID_TightIso_v11/180
707,384187,1,180.0,HLT_Photon30EB_TightID_TightIso_v11/180
708,384188,1,180.0,HLT_Photon30EB_TightID_TightIso_v11/180
709,384188,806,180.0,HLT_Photon30EB_TightID_TightIso_v11/180
710,384188,944,180.0,HLT_Photon30EB_TightID_TightIso_v11/180
711,384188,994,180.0,HLT_Photon30EB_TightID_TightIso_v11/180
712,384188,1333,180.0,HLT_Photon30EB_TightID_TightIso_v11/180
713,384202,1,180.0,HLT_Photon30EB_TightID_TightIso_v11/180
714,384202,1210,180.0,HLT_Photon30EB_TightID_TightIso_v11/180
715,384202,1341,180.0,HLT_Photon30EB_TightID_TightIso_v11/180
716,384202,1426,180.0,HLT_Photon30EB_TightID_TightIso_v11/180
717,384202,1764,180.0,HLT_Photon30EB_TightID_TightIso_v11/180
718,384203,1,180.0,HLT_Photon30EB_TightID_TightIso_v11/180
719,384204,1,180.0,HLT_Photon30EB_TightID_TightIso_v11/180
720,384209,1,180.0,HLT_Photon30EB_TightID_TightIso_v11/180
721,384238,1,180.0,HLT_Photon30EB_TightID_TightIso_v11/180
722,384239,1,180.0,HLT_Photon30EB_TightID_TightIso_v11/180
723,384239,656,180.0,HLT_Photon30EB_TightID_TightIso_v11/180
724,384239,774,180.0,HLT_Photon30EB_TightID_TightIso_v11/180
725,384239,879,180.0,HLT_Photon30EB_TightID_TightIso_v11/180
726,384239,1180,180.0,HLT_Photon30EB_TightID_TightIso_v11/180
727,384243,1,180.0,HLT_Photon30EB_TightID_TightIso_v11/180
728,384243,4,180.0,HLT_Photon30EB_TightID_TightIso_v11/180
729,384244,1,180.0,HLT_Photon30EB_TightID_TightIso_v11/180
730,384244,132,180.0,HLT_Photon30EB_TightID_TightIso_v11/180
731,384264,1,180.0,HLT_Photon30EB_TightID_TightIso_v11/180
732,384265,1,180.0,HLT_Photon30EB_TightID_TightIso_v11/180
733,384265,272,180.0,HLT_Photon30EB_TightID_TightIso_v11/180
734,384265,399,180.0,HLT_Photon30EB_TightID_TightIso_v11/180
735,384290,1,180.0,HLT_Photon30EB_TightID_TightIso_v11/180
736,384291,1,180.0,HLT_Photon30EB_TightID_TightIso_v11/180
737,384291,1178,180.0,HLT_Photon30EB_TightID_TightIso_v11/180
738,384291,1190,180.0,HLT_Photon30EB_TightID_TightIso_v11/180
739,384291,1197,180.0,HLT_Photon30EB_TightID_TightIso_v11/180
740,384291,1482,180.0,HLT_Photon30EB_TightID_TightIso_v11/180
741,384318,1,180.0,HLT_Photon30EB_TightID_TightIso_v11/180
742,384322,1,180.0,HLT_Photon30EB_TightID_TightIso_v11/180
743,384323,1,180.0,HLT_Photon30EB_TightID_TightIso_v11/180
744,384331,1,180.0,HLT_Photon30EB_TightID_TightIso_v11/180
745,384332,1,180.0,HLT_Photon30EB_TightID_TightIso_v11/180
746,384377,1,180.0,HLT_Photon30EB_TightID_TightIso_v11/180
747,384378,1,180.0,HLT_Photon30EB_TightID_TightIso_v11/180
748,384380,1,180.0,HLT_Photon30EB_TightID_TightIso_v11/180
749,384382,1,180.0,HLT_Photon30EB_TightID_TightIso_v11/180
750,384382,166,0.0,HLT_Photon30EB_TightID_TightIso_v11/0
751,384382,170,180.0,HLT_Photon30EB_TightID_TightIso_v11/180
752,384382,193,0.0,HLT_Photon30EB_TightID_TightIso_v11/0
753,384383,1,180.0,HLT_Photon30EB_TightID_TightIso_v11/180
754,384383,213,180.0,HLT_Photon30EB_TightID_TightIso_v11/180
755,384383,341,180.0,HLT_Photon30EB_TightID_TightIso_v11/180
756,384383,425,180.0,HLT_Photon30EB_TightID_TightIso_v11/180
757,384383,710,180.0,HLT_Photon30EB_TightID_TightIso_v11/180
758,384383,1225,180.0,HLT_Photon30EB_TightID_TightIso_v11/180
759,384406,1,180.0,HLT_Photon30EB_TightID_TightIso_v11/180
760,384413,1,180.0,HLT_Photon30EB_TightID_TightIso_v11/180
761,384413,1241,180.0,HLT_Photon30EB_TightID_TightIso_v11/180
762,384413,1370,180.0,HLT_Photon30EB_TightID_TightIso_v11/180
763,384413,1425,180.0,HLT_Photon30EB_TightID_TightIso_v11/180
764,384413,1733,180.0,HLT_Photon30EB_TightID_TightIso_v11/180
765,384446,1,0.0,HLT_Photon30EB_TightID_TightIso_v11/0
766,384446,4,180.0,HLT_Photon30EB_TightID_TightIso_v11/180
767,384464,1,180.0,HLT_Photon30EB_TightID_TightIso_v11/180
768,384468,1,180.0,HLT_Photon30EB_TightID_TightIso_v11/180
769,384468,1230,180.0,HLT_Photon30EB_TightID_TightIso_v11/180
770,384468,1313,180.0,HLT_Photon30EB_TightID_TightIso_v11/180
771,384468,1407,180.0,HLT_Photon30EB_TightID_TightIso_v11/180
772,384468,1721,180.0,HLT_Photon30EB_TightID_TightIso_v11/180
773,384485,1,180.0,HLT_Photon30EB_TightID_TightIso_v11/180
774,384486,1,180.0,HLT_Photon30EB_TightID_TightIso_v11/180
775,384487,1,180.0,HLT_Photon30EB_TightID_TightIso_v11/180
776,384488,1,180.0,HLT_Photon30EB_TightID_TightIso_v11/180
777,384489,1,180.0,HLT_Photon30EB_TightID_TightIso_v11/180
778,384490,1,180.0,HLT_Photon30EB_TightID_TightIso_v11/180
779,384491,1,180.0,HLT_Photon30EB_TightID_TightIso_v11/180
780,384492,1,180.0,HLT_Photon30EB_TightID_TightIso_v11/180
781,384492,962,180.0,HLT_Photon30EB_TightID_TightIso_v11/180
782,384492,1020,180.0,HLT_Photon30EB_TightID_TightIso_v11/180
783,384492,1081,180.0,HLT_Photon30EB_TightID_TightIso_v11/180
784,384492,1449,180.0,HLT_Photon30EB_TightID_TightIso_v11/180
785,384565,1,180.0,HLT_Photon30EB_TightID_TightIso_v11/180
786,384565,34,180.0,HLT_Photon30EB_TightID_TightIso_v11/180
787,384565,143,180.0,HLT_Photon30EB_TightID_TightIso_v11/180
788,384565,439,180.0,HLT_Photon30EB_TightID_TightIso_v11/180
789,384565,1393,180.0,HLT_Photon30EB_TightID_TightIso_v11/180
790,384565,1497,180.0,HLT_Photon30EB_TightID_TightIso_v11/180
791,384579,1,180.0,HLT_Photon30EB_TightID_TightIso_v11/180
792,384591,1,180.0,HLT_Photon30EB_TightID_TightIso_v11/180
793,384592,1,1.0,HLT_Photon30EB_TightID_TightIso_v11/1
794,384593,1,180.0,HLT_Photon30EB_TightID_TightIso_v11/180
795,384610,1,180.0,HLT_Photon30EB_TightID_TightIso_v11/180
796,384614,1,180.0,HLT_Photon30EB_TightID_TightIso_v11/180
797,384638,1,180.0,HLT_Photon30EB_TightID_TightIso_v11/180
798,384644,1,180.0,HLT_Photon30EB_TightID_TightIso_v11/180
799,384644,676,180.0,HLT_Photon30EB_TightID_TightIso_v11/180
800,384644,729,180.0,HLT_Photon30EB_TightID_TightIso_v11/180
801,384644,816,180.0,HLT_Photon30EB_TightID_TightIso_v11/180
802,384930,1,180.0,HLT_Photon30EB_TightID_TightIso_v11/180
803,384933,1,180.0,HLT_Photon30EB_TightID_TightIso_v11/180
804,384934,1,180.0,HLT_Photon30EB_TightID_TightIso_v11/180
805,384935,1,180.0,HLT_Photon30EB_TightID_TightIso_v11/180
806,384935,589,180.0,HLT_Photon30EB_TightID_TightIso_v11/180
807,384935,728,180.0,HLT_Photon30EB_TightID_TightIso_v11/180
808,384935,852,180.0,HLT_Photon30EB_TightID_TightIso_v11/180
809,384935,1023,180.0,HLT_Photon30EB_TightID_TightIso_v11/180
810,384950,1,180.0,HLT_Photon30EB_TightID_TightIso_v11/180
811,384950,20,0.0,HLT_Photon30EB_TightID_TightIso_v11/0
812,384950,25,180.0,HLT_Photon30EB_TightID_TightIso_v11/180
813,384950,101,180.0,HLT_Photon30EB_TightID_TightIso_v11/180
814,384950,104,180.0,HLT_Photon30EB_TightID_TightIso_v11/180
815,384951,1,180.0,HLT_Photon30EB_TightID_TightIso_v11/180
816,384963,1,180.0,HLT_Photon30EB_TightID_TightIso_v11/180
817,384963,1451,180.0,HLT_Photon30EB_TightID_TightIso_v11/180
818,384963,1513,180.0,HLT_Photon30EB_TightID_TightIso_v11/180
819,384963,1577,180.0,HLT_Photon30EB_TightID_TightIso_v11/180
820,384963,1880,180.0,HLT_Photon30EB_TightID_TightIso_v11/180
821,384981,1,180.0,HLT_Photon30EB_TightID_TightIso_v11/180
822,384981,1393,180.0,HLT_Photon30EB_TightID_TightIso_v11/180
823,384981,1538,180.0,HLT_Photon30EB_TightID_TightIso_v11/180
824,384981,1643,180.0,HLT_Photon30EB_TightID_TightIso_v11/180
825,384981,1863,180.0,HLT_Photon30EB_TightID_TightIso_v11/180
826,385012,1,180.0,HLT_Photon30EB_TightID_TightIso_v11/180
827,385016,1,180.0,HLT_Photon30EB_TightID_TightIso_v11/180
828,385094,1,180.0,HLT_Photon30EB_TightID_TightIso_v11/180
829,385100,1,180.0,HLT_Photon30EB_TightID_TightIso_v11/180
830,385127,1,180.0,HLT_Photon30EB_TightID_TightIso_v11/180
831,385127,142,180.0,HLT_Photon30EB_TightID_TightIso_v11/180
832,385127,477,180.0,HLT_Photon30EB_TightID_TightIso_v11/180
833,385127,582,180.0,HLT_Photon30EB_TightID_TightIso_v11/180
834,385127,1349,180.0,HLT_Photon30EB_TightID_TightIso_v11/180
835,385127,1481,180.0,HLT_Photon30EB_TightID_TightIso_v11/180
836,385127,1556,180.0,HLT_Photon30EB_TightID_TightIso_v11/180
837,385127,1827,180.0,HLT_Photon30EB_TightID_TightIso_v11/180
838,385134,1,180.0,HLT_Photon30EB_TightID_TightIso_v11/180
839,385142,1,180.0,HLT_Photon30EB_TightID_TightIso_v11/180
840,385142,1251,180.0,HLT_Photon30EB_TightID_TightIso_v11/180
841,385142,1371,180.0,HLT_Photon30EB_TightID_TightIso_v11/180
842,385142,1461,180.0,HLT_Photon30EB_TightID_TightIso_v11/180
843,385142,1774,180.0,HLT_Photon30EB_TightID_TightIso_v11/180
844,385152,1,180.0,HLT_Photon30EB_TightID_TightIso_v11/180
845,385153,1,180.0,HLT_Photon30EB_TightID_TightIso_v11/180
846,385153,105,180.0,HLT_Photon30EB_TightID_TightIso_v11/180
847,385153,190,180.0,HLT_Photon30EB_TightID_TightIso_v11/180
848,385153,267,180.0,HLT_Photon30EB_TightID_TightIso_v11/180
849,385153,589,180.0,HLT_Photon30EB_TightID_TightIso_v11/180
850,385168,1,180.0,HLT_Photon30EB_TightID_TightIso_v11/180
851,385168,1346,180.0,HLT_Photon30EB_TightID_TightIso_v11/180
852,385168,1473,180.0,HLT_Photon30EB_TightID_TightIso_v11/180
853,385168,1619,180.0,HLT_Photon30EB_TightID_TightIso_v11/180
854,385168,1816,180.0,HLT_Photon30EB_TightID_TightIso_v11/180
855,385178,1,180.0,HLT_Photon30EB_TightID_TightIso_v11/180
856,385194,1,180.0,HLT_Photon30EB_TightID_TightIso_v11/180
857,385194,1342,180.0,HLT_Photon30EB_TightID_TightIso_v11/180
858,385194,1398,180.0,HLT_Photon30EB_TightID_TightIso_v11/180
859,385260,1,180.0,HLT_Photon30EB_TightID_TightIso_v11/180
860,385281,1,180.0,HLT_Photon30EB_TightID_TightIso_v11/180
861,385281,414,180.0,HLT_Photon30EB_TightID_TightIso_v11/180
862,385281,449,180.0,HLT_Photon30EB_TightID_TightIso_v11/180
863,385281,1293,180.0,HLT_Photon30EB_TightID_TightIso_v11/180
864,385281,1329,180.0,HLT_Photon30EB_TightID_TightIso_v11/180
865,385284,1,180.0,HLT_Photon30EB_TightID_TightIso_v11/180
866,385284,24,180.0,HLT_Photon30EB_TightID_TightIso_v11/180
867,385284,96,180.0,HLT_Photon30EB_TightID_TightIso_v11/180
868,385284,145,180.0,HLT_Photon30EB_TightID_TightIso_v11/180
869,385285,1,180.0,HLT_Photon30EB_TightID_TightIso_v11/180
870,385285,144,180.0,HLT_Photon30EB_TightID_TightIso_v11/180
871,385286,1,180.0,HLT_Photon30EB_TightID_TightIso_v11/180
872,385286,332,180.0,HLT_Photon30EB_TightID_TightIso_v11/180
873,385311,1,180.0,HLT_Photon30EB_TightID_TightIso_v11/180
874,385312,1,180.0,HLT_Photon30EB_TightID_TightIso_v11/180
875,385324,1,180.0,HLT_Photon30EB_TightID_TightIso_v11/180
876,385324,1212,180.0,HLT_Photon30EB_TightID_TightIso_v11/180
877,385324,1299,180.0,HLT_Photon30EB_TightID_TightIso_v11/180
878,385324,1392,180.0,HLT_Photon30EB_TightID_TightIso_v11/180
879,385324,1728,180.0,HLT_Photon30EB_TightID_TightIso_v11/180
880,385354,1,180.0,HLT_Photon30EB_TightID_TightIso_v11/180
881,385355,1,180.0,HLT_Photon30EB_TightID_TightIso_v11/180
882,385355,468,180.0,HLT_Photon30EB_TightID_TightIso_v11/180
883,385355,582,180.0,HLT_Photon30EB_TightID_TightIso_v11/180
884,385355,658,180.0,HLT_Photon30EB_TightID_TightIso_v11/180
885,385383,1,180.0,HLT_Photon30EB_TightID_TightIso_v11/180
886,385384,1,180.0,HLT_Photon30EB_TightID_TightIso_v11/180
887,385385,1,180.0,HLT_Photon30EB_TightID_TightIso_v11/180
888,385386,1,180.0,HLT_Photon30EB_TightID_TightIso_v11/180
889,385386,20,0.0,HLT_Photon30EB_TightID_TightIso_v11/0
890,385387,1,0.0,HLT_Photon30EB_TightID_TightIso_v11/0
891,385387,3,180.0,HLT_Photon30EB_TightID_TightIso_v11/180
892,385390,1,180.0,HLT_Photon30EB_TightID_TightIso_v11/180
893,385390,1324,180.0,HLT_Photon30EB_TightID_TightIso_v11/180
894,385390,1469,180.0,HLT_Photon30EB_TightID_TightIso_v11/180
895,385390,1569,180.0,HLT_Photon30EB_TightID_TightIso_v11/180
896,385391,1,180.0,HLT_Photon30EB_TightID_TightIso_v11/180
897,385391,174,180.0,HLT_Photon30EB_TightID_TightIso_v11/180
898,385408,1,180.0,HLT_Photon30EB_TightID_TightIso_v11/180
899,385415,1,180.0,HLT_Photon30EB_TightID_TightIso_v11/180
900,385422,1,180.0,HLT_Photon30EB_TightID_TightIso_v11/180
901,385423,1,180.0,HLT_Photon30EB_TightID_TightIso_v11/180
902,385423,219,180.0,HLT_Photon30EB_TightID_TightIso_v11/180
903,385423,320,180.0,HLT_Photon30EB_TightID_TightIso_v11/180
904,385423,382,180.0,HLT_Photon30EB_TightID_TightIso_v11/180
905,385424,1,180.0,HLT_Photon30EB_TightID_TightIso_v11/180
906,385424,320,180.0,HLT_Photon30EB_TightID_TightIso_v11/180
907,385437,1,180.0,HLT_Photon30EB_TightID_TightIso_v11/180
908,385443,1,180.0,HLT_Photon30EB_TightID_TightIso_v11/180
909,385443,1292,180.0,HLT_Photon30EB_TightID_TightIso_v11/180
910,385443,1407,180.0,HLT_Photon30EB_TightID_TightIso_v11/180
911,385443,1503,180.0,HLT_Photon30EB_TightID_TightIso_v11/180
912,385444,1,180.0,HLT_Photon30EB_TightID_TightIso_v11/180
913,385447,1,180.0,HLT_Photon30EB_TightID_TightIso_v11/180
914,385447,36,180.0,HLT_Photon30EB_TightID_TightIso_v11/180
915,385474,1,180.0,HLT_Photon30EB_TightID_TightIso_v11/180
916,385478,1,180.0,HLT_Photon30EB_TightID_TightIso_v11/180
917,385479,1,180.0,HLT_Photon30EB_TightID_TightIso_v11/180
918,385480,1,180.0,HLT_Photon30EB_TightID_TightIso_v11/180
919,385481,1,180.0,HLT_Photon30EB_TightID_TightIso_v11/180
920,385483,1,180.0,HLT_Photon30EB_TightID_TightIso_v11/180
921,385484,1,180.0,HLT_Photon30EB_TightID_TightIso_v11/180
922,385511,1,180.0,HLT_Photon30EB_TightID_TightIso_v11/180
923,385512,1,180.0,HLT_Photon30EB_TightID_TightIso_v11/180
924,385513,1,180.0,HLT_Photon30EB_TightID_TightIso_v11/180
925,385514,1,180.0,HLT_Photon30EB_TightID_TightIso_v11/180
926,385515,1,180.0,HLT_Photon30EB_TightID_TightIso_v11/180
927,385515,1089,180.0,HLT_Photon30EB_TightID_TightIso_v11/180
928,385515,1194,180.0,HLT_Photon30EB_TightID_TightIso_v11/180
929,385515,1294,180.0,HLT_Photon30EB_TightID_TightIso_v11/180
930,385515,1595,180.0,HLT_Photon30EB_TightID_TightIso_v11/180
931,385567,1,180.0,HLT_Photon30EB_TightID_TightIso_v11/180
932,385568,1,180.0,HLT_Photon30EB_TightID_TightIso_v11/180
933,385589,1,180.0,HLT_Photon30EB_TightID_TightIso_v11/180
934,385590,1,1.0,HLT_Photon30EB_TightID_TightIso_v11/1
935,385591,1,180.0,HLT_Photon30EB_TightID_TightIso_v11/180
936,385592,1,180.0,HLT_Photon30EB_TightID_TightIso_v11/180
937,385604,1,180.0,HLT_Photon30EB_TightID_TightIso_v11/180
938,385604,456,180.0,HLT_Photon30EB_TightID_TightIso_v11/180
939,385604,475,180.0,HLT_Photon30EB_TightID_TightIso_v11/180
940,385604,827,180.0,HLT_Photon30EB_TightID_TightIso_v11/180
941,385604,920,180.0,HLT_Photon30EB_TightID_TightIso_v11/180
942,385604,1010,180.0,HLT_Photon30EB_TightID_TightIso_v11/180
943,385606,1,180.0,HLT_Photon30EB_TightID_TightIso_v11/180
944,385606,234,180.0,HLT_Photon30EB_TightID_TightIso_v11/180
945,385606,615,180.0,HLT_Photon30EB_TightID_TightIso_v11/180
946,385606,650,180.0,HLT_Photon30EB_TightID_TightIso_v11/180
947,385618,1,180.0,HLT_Photon30EB_TightID_TightIso_v11/180
948,385619,1,180.0,HLT_Photon30EB_TightID_TightIso_v11/180
949,385620,1,180.0,HLT_Photon30EB_TightID_TightIso_v11/180
950,385620,1063,180.0,HLT_Photon30EB_TightID_TightIso_v11/180
951,385620,1171,180.0,HLT_Photon30EB_TightID_TightIso_v11/180
952,385620,1338,180.0,HLT_Photon30EB_TightID_TightIso_v11/180
953,385620,1578,180.0,HLT_Photon30EB_TightID_TightIso_v11/180
954,385697,1,180.0,HLT_Photon30EB_TightID_TightIso_v11/180
955,385712,1,180.0,HLT_Photon30EB_TightID_TightIso_v11/180
956,385713,1,180.0,HLT_Photon30EB_TightID_TightIso_v11/180
957,385727,1,180.0,HLT_Photon30EB_TightID_TightIso_v11/180
958,385728,1,180.0,HLT_Photon30EB_TightID_TightIso_v11/180
959,385728,781,180.0,HLT_Photon30EB_TightID_TightIso_v11/180
960,385728,909,180.0,HLT_Photon30EB_TightID_TightIso_v11/180
961,385728,1002,180.0,HLT_Photon30EB_TightID_TightIso_v11/180
962,385738,1,180.0,HLT_Photon30EB_TightID_TightIso_v11/180
963,385738,1349,180.0,HLT_Photon30EB_TightID_TightIso_v11/180
964,385738,1483,180.0,HLT_Photon30EB_TightID_TightIso_v11/180
965,385738,1575,180.0,HLT_Photon30EB_TightID_TightIso_v11/180
966,385739,1,180.0,HLT_Photon30EB_TightID_TightIso_v11/180
967,385739,109,180.0,HLT_Photon30EB_TightID_TightIso_v11/180
968,385754,1,180.0,HLT_Photon30EB_TightID_TightIso_v11/180
969,385764,1,180.0,HLT_Photon30EB_TightID_TightIso_v11/180
970,385764,1347,180.0,HLT_Photon30EB_TightID_TightIso_v11/180
971,385764,1579,180.0,HLT_Photon30EB_TightID_TightIso_v11/180
972,385764,1597,180.0,HLT_Photon30EB_TightID_TightIso_v11/180
973,385764,1866,180.0,HLT_Photon30EB_TightID_TightIso_v11/180
974,385799,1,180.0,HLT_Photon30EB_TightID_TightIso_v11/180
975,385801,1,180.0,HLT_Photon30EB_TightID_TightIso_v11/180
976,385836,1,180.0,HLT_Photon30EB_TightID_TightIso_v11/180
977,385837,1,180.0,HLT_Photon30EB_TightID_TightIso_v11/180
978,385838,1,180.0,HLT_Photon30EB_TightID_TightIso_v11/180
979,385839,1,180.0,HLT_Photon30EB_TightID_TightIso_v11/180
980,385840,1,180.0,HLT_Photon30EB_TightID_TightIso_v11/180
981,385841,1,180.0,HLT_Photon30EB_TightID_TightIso_v11/180
982,385842,1,180.0,HLT_Photon30EB_TightID_TightIso_v11/180
983,385842,1051,180.0,HLT_Photon30EB_TightID_TightIso_v11/180
984,385842,1178,180.0,HLT_Photon30EB_TightID_TightIso_v11/180
985,385842,1270,180.0,HLT_Photon30EB_TightID_TightIso_v11/180
986,385842,1548,180.0,HLT_Photon30EB_TightID_TightIso_v11/180
987,385863,1,180.0,HLT_Photon30EB_TightID_TightIso_v11/180
988,385882,1,180.0,HLT_Photon30EB_TightID_TightIso_v11/180
989,385882,18,180.0,HLT_Photon30EB_TightID_TightIso_v11/180
990,385882,77,180.0,HLT_Photon30EB_TightID_TightIso_v11/180
991,385883,1,180.0,HLT_Photon30EB_TightID_TightIso_v11/180
992,385884,1,180.0,HLT_Photon30EB_TightID_TightIso_v11/180
993,385885,1,1.0,HLT_Photon30EB_TightID_TightIso_v11/1
994,385887,1,180.0,HLT_Photon30EB_TightID_TightIso_v11/180
995,385888,1,180.0,HLT_Photon30EB_TightID_TightIso_v11/180
996,385889,1,180.0,HLT_Photon30EB_TightID_TightIso_v11/180
997,385889,874,180.0,HLT_Photon30EB_TightID_TightIso_v11/180
998,385889,1015,180.0,HLT_Photon30EB_TightID_TightIso_v11/180
999,385889,1140,180.0,HLT_Photon30EB_TightID_TightIso_v11/180
1000,385889,1413,180.0,HLT_Photon30EB_TightID_TightIso_v11/180
1001,385908,1,180.0,HLT_Photon30EB_TightID_TightIso_v11/180
1002,385915,1,180.0,HLT_Photon30EB_TightID_TightIso_v11/180
1003,385915,621,180.0,HLT_Photon30EB_TightID_TightIso_v11/180
1004,385915,624,180.0,HLT_Photon30EB_TightID_TightIso_v11/180
1005,385933,1,180.0,HLT_Photon30EB_TightID_TightIso_v11/180
1006,385934,1,180.0,HLT_Photon30EB_TightID_TightIso_v11/180
1007,385934,1158,180.0,HLT_Photon30EB_TightID_TightIso_v11/180
1008,385986,1,180.0,HLT_Photon30EB_TightID_TightIso_v11/180
1009,385986,121,180.0,HLT_Photon30EB_TightID_TightIso_v11/180
1010,385986,283,180.0,HLT_Photon30EB_TightID_TightIso_v11/180
1011,385986,1434,180.0,HLT_Photon30EB_TightID_TightIso_v11/180
1012,385986,1543,180.0,HLT_Photon30EB_TightID_TightIso_v11/180
1013,385986,1641,180.0,HLT_Photon30EB_TightID_TightIso_v11/180
1014,385986,1922,180.0,HLT_Photon30EB_TightID_TightIso_v11/180
1015,386006,1,180.0,HLT_Photon30EB_TightID_TightIso_v11/180
1016,386008,1,180.0,HLT_Photon30EB_TightID_TightIso_v11/180
1017,386010,1,180.0,HLT_Photon30EB_TightID_TightIso_v11/180
1018,386025,1,180.0,HLT_Photon30EB_TightID_TightIso_v11/180
1019,386025,1447,180.0,HLT_Photon30EB_TightID_TightIso_v11/180
1020,386025,1664,180.0,HLT_Photon30EB_TightID_TightIso_v11/180
1021,386025,1771,180.0,HLT_Photon30EB_TightID_TightIso_v11/180
1022,386047,1,180.0,HLT_Photon30EB_TightID_TightIso_v11/180
1023,386071,1,180.0,HLT_Photon30EB_TightID_TightIso_v11/180
1024,386071,92,0.0,HLT_Photon30EB_TightID_TightIso_v11/0
1025,386071,112,0.0,HLT_Photon30EB_TightID_TightIso_v11/0
1026,386071,136,180.0,HLT_Photon30EB_TightID_TightIso_v11/180
1027,386279,1,180.0,HLT_Photon30EB_TightID_TightIso_v11/180
1028,386285,1,180.0,HLT_Photon30EB_TightID_TightIso_v11/180
1029,386308,1,180.0,HLT_Photon30EB_TightID_TightIso_v11/180
1030,386308,59,180.0,HLT_Photon30EB_TightID_TightIso_v11/180
1031,386308,71,180.0,HLT_Photon30EB_TightID_TightIso_v11/180
1032,386308,81,180.0,HLT_Photon30EB_TightID_TightIso_v11/180
1033,386308,94,180.0,HLT_Photon30EB_TightID_TightIso_v11/180
1034,386308,139,180.0,HLT_Photon30EB_TightID_TightIso_v11/180
1035,386313,1,180.0,HLT_Photon30EB_TightID_TightIso_v11/180
1036,386313,79,180.0,HLT_Photon30EB_TightID_TightIso_v11/180
1037,386319,1,180.0,HLT_Photon30EB_TightID_TightIso_v11/180
1038,386319,95,180.0,HLT_Photon30EB_TightID_TightIso_v11/180
1039,386478,1,180.0,HLT_Photon30EB_TightID_TightIso_v11/180
1040,386478,138,180.0,HLT_Photon30EB_TightID_TightIso_v11/180
1041,386505,1,180.0,HLT_Photon30EB_TightID_TightIso_v11/180
1042,386505,124,180.0,HLT_Photon30EB_TightID_TightIso_v11/180
1043,386509,1,180.0,HLT_Photon30EB_TightID_TightIso_v11/180
1044,386509,104,180.0,HLT_Photon30EB_TightID_TightIso_v11/180
1045,386553,1,180.0,HLT_Photon30EB_TightID_TightIso_v11/180
1046,386553,141,180.0,HLT_Photon30EB_TightID_TightIso_v11/180
1047,386553,203,180.0,HLT_Photon30EB_TightID_TightIso_v11/180
1048,386554,1,180.0,HLT_Photon30EB_TightID_TightIso_v11/180
1049,386554,502,180.0,HLT_Photon30EB_TightID_TightIso_v11/180
1050,386554,563,180.0,HLT_Photon30EB_TightID_TightIso_v11/180
1051,386554,659,180.0,HLT_Photon30EB_TightID_TightIso_v11/180
1052,386554,991,180.0,HLT_Photon30EB_TightID_TightIso_v11/180
1053,386592,1,180.0,HLT_Photon30EB_TightID_TightIso_v11/180
1054,386593,1,180.0,HLT_Photon30EB_TightID_TightIso_v11/180
1055,386593,28,180.0,HLT_Photon30EB_TightID_TightIso_v11/180
1056,386593,140,180.0,HLT_Photon30EB_TightID_TightIso_v11/180
1057,386593,244,180.0,HLT_Photon30EB_TightID_TightIso_v11/180
1058,386593,346,180.0,HLT_Photon30EB_TightID_TightIso_v11/180
1059,386594,1,180.0,HLT_Photon30EB_TightID_TightIso_v11/180
1060,386594,143,180.0,HLT_Photon30EB_TightID_TightIso_v11/180
1061,386594,281,180.0,HLT_Photon30EB_TightID_TightIso_v11/180
1062,386594,351,180.0,HLT_Photon30EB_TightID_TightIso_v11/180
1063,386594,699,180.0,HLT_Photon30EB_TightID_TightIso_v11/180
1064,386604,1,180.0,HLT_Photon30EB_TightID_TightIso_v11/180
1065,386604,1331,180.0,HLT_Photon30EB_TightID_TightIso_v11/180
1066,386604,1426,180.0,HLT_Photon30EB_TightID_TightIso_v11/180
1067,386604,1518,180.0,HLT_Photon30EB_TightID_TightIso_v11/180
1068,386604,1855,180.0,HLT_Photon30EB_TightID_TightIso_v11/180
1069,386605,1,180.0,HLT_Photon30EB_TightID_TightIso_v11/180
1070,386614,1,180.0,HLT_Photon30EB_TightID_TightIso_v11/180
1071,386618,1,180.0,HLT_Photon30EB_TightID_TightIso_v11/180
1072,386618,267,180.0,HLT_Photon30EB_TightID_TightIso_v11/180
1073,386618,395,180.0,HLT_Photon30EB_TightID_TightIso_v11/180
1074,386618,456,180.0,HLT_Photon30EB_TightID_TightIso_v11/180
1075,386618,805,180.0,HLT_Photon30EB_TightID_TightIso_v11/180
1076,386629,1,180.0,HLT_Photon30EB_TightID_TightIso_v11/180
1077,386630,1,180.0,HLT_Photon30EB_TightID_TightIso_v11/180
1078,386640,1,180.0,HLT_Photon30EB_TightID_TightIso_v11/180
1079,386642,1,180.0,HLT_Photon30EB_TightID_TightIso_v11/180
1080,386642,146,180.0,HLT_Photon30EB_TightID_TightIso_v11/180
1081,386642,231,180.0,HLT_Photon30EB_TightID_TightIso_v11/180
1082,386642,327,180.0,HLT_Photon30EB_TightID_TightIso_v11/180
1083,386642,645,1.0,HLT_Photon30EB_TightID_TightIso_v11/1
1084,386642,653,180.0,HLT_Photon30EB_TightID_TightIso_v11/180
1085,386642,676,180.0,HLT_Photon30EB_TightID_TightIso_v11/180
1086,386661,1,180.0,HLT_Photon30EB_TightID_TightIso_v11/180
1087,386668,1,180.0,HLT_Photon30EB_TightID_TightIso_v11/180
1088,386672,1,180.0,HLT_Photon30EB_TightID_TightIso_v11/180
1089,386673,1,180.0,HLT_Photon30EB_TightID_TightIso_v11/180
1090,386679,1,180.0,HLT_Photon30EB_TightID_TightIso_v11/180
1091,386693,1,180.0,HLT_Photon30EB_TightID_TightIso_v11/180
1092,386694,1,180.0,HLT_Photon30EB_TightID_TightIso_v11/180
1093,386694,1148,180.0,HLT_Photon30EB_TightID_TightIso_v11/180
1094,386694,1230,180.0,HLT_Photon30EB_TightID_TightIso_v11/180
1095,386694,1332,180.0,HLT_Photon30EB_TightID_TightIso_v11/180
1096,386702,1,180.0,HLT_Photon30EB_TightID_TightIso_v11/180
1097,386703,1,180.0,HLT_Photon30EB_TightID_TightIso_v11/180
1098,386704,1,180.0,HLT_Photon30EB_TightID_TightIso_v11/180
1099,386704,416,180.0,HLT_Photon30EB_TightID_TightIso_v11/180
1100,386704,541,180.0,HLT_Photon30EB_TightID_TightIso_v11/180
1101,386704,645,180.0,HLT_Photon30EB_TightID_TightIso_v11/180
1102,386704,964,180.0,HLT_Photon30EB_TightID_TightIso_v11/180
1103,386705,1,180.0,HLT_Photon30EB_TightID_TightIso_v11/180
1104,386749,1,180.0,HLT_Photon30EB_TightID_TightIso_v11/180
1105,386749,103,1.0,HLT_Photon30EB_TightID_TightIso_v11/1
1106,386753,1,1.0,HLT_Photon30EB_TightID_TightIso_v11/1
1107,386764,1,180.0,HLT_Photon30EB_TightID_TightIso_v11/180
1108,386795,1,180.0,HLT_Photon30EB_TightID_TightIso_v11/180
1109,386795,106,0.0,HLT_Photon30EB_TightID_TightIso_v11/0
1110,386795,118,0.0,HLT_Photon30EB_TightID_TightIso_v11/0
1111,386801,1,180.0,HLT_Photon30EB_TightID_TightIso_v11/180
1112,386801,98,0.0,HLT_Photon30EB_TightID_TightIso_v11/0
1113,386802,1,0.0,HLT_Photon30EB_TightID_TightIso_v11/0
1114,386803,1,0.0,HLT_Photon30EB_TightID_TightIso_v11/0
1115,386804,1,0.0,HLT_Photon30EB_TightID_TightIso_v11/0
1116,386805,1,0.0,HLT_Photon30EB_TightID_TightIso_v11/0
1117,386806,1,0.0,HLT_Photon30EB_TightID_TightIso_v11/0
1118,386807,1,0.0,HLT_Photon30EB_TightID_TightIso_v11/0
1119,386809,1,0.0,HLT_Photon30EB_TightID_TightIso_v11/0
1120,386810,1,0.0,HLT_Photon30EB_TightID_TightIso_v11/0
1121,386811,1,0.0,HLT_Photon30EB_TightID_TightIso_v11/0
1122,386812,1,0.0,HLT_Photon30EB_TightID_TightIso_v11/0
1123,386813,1,0.0,HLT_Photon30EB_TightID_TightIso_v11/0
1124,386814,1,180.0,HLT_Photon30EB_TightID_TightIso_v11/180
1125,386851,1,180.0,HLT_Photon30EB_TightID_TightIso_v11/180
1126,386852,1,180.0,HLT_Photon30EB_TightID_TightIso_v11/180
1127,386853,1,180.0,HLT_Photon30EB_TightID_TightIso_v11/180
1128,386854,1,180.0,HLT_Photon30EB_TightID_TightIso_v11/180
1129,386854,418,180.0,HLT_Photon30EB_TightID_TightIso_v11/180
1130,386854,423,180.0,HLT_Photon30EB_TightID_TightIso_v11/180
1131,386854,472,180.0,HLT_Photon30EB_TightID_TightIso_v11/180
1132,386863,1,180.0,HLT_Photon30EB_TightID_TightIso_v11/180
1133,386864,1,180.0,HLT_Photon30EB_TightID_TightIso_v11/180
1134,386864,777,180.0,HLT_Photon30EB_TightID_TightIso_v11/180
1135,386864,907,180.0,HLT_Photon30EB_TightID_TightIso_v11/180
1136,386864,992,180.0,HLT_Photon30EB_TightID_TightIso_v11/180
1137,386864,1347,180.0,HLT_Photon30EB_TightID_TightIso_v11/180
1138,386872,1,180.0,HLT_Photon30EB_TightID_TightIso_v11/180
1139,386873,1,180.0,HLT_Photon30EB_TightID_TightIso_v11/180
1140,386885,1,180.0,HLT_Photon30EB_TightID_TightIso_v11/180
1141,386885,1335,180.0,HLT_Photon30EB_TightID_TightIso_v11/180
1142,386917,1,180.0,HLT_Photon30EB_TightID_TightIso_v11/180
1143,386924,1,180.0,HLT_Photon30EB_TightID_TightIso_v11/180
1144,386924,1306,180.0,HLT_Photon30EB_TightID_TightIso_v11/180
1145,386924,1433,180.0,HLT_Photon30EB_TightID_TightIso_v11/180
1146,386924,1519,180.0,HLT_Photon30EB_TightID_TightIso_v11/180
1147,386924,1622,180.0,HLT_Photon30EB_TightID_TightIso_v11/180
1148,386924,1666,180.0,HLT_Photon30EB_TightID_TightIso_v11/180
1149,386925,1,180.0,HLT_Photon30EB_TightID_TightIso_v11/180
1150,386925,22,180.0,HLT_Photon30EB_TightID_TightIso_v11/180
1151,386945,1,180.0,HLT_Photon30EB_TightID_TightIso_v11/180
1152,386951,1,180.0,HLT_Photon30EB_TightID_TightIso_v11/180
